Date,Time,URL,article_title,article_head
#
### log/01_hokkaido.txt
7月5日,1:00,https://www.nikkei.com/article/DGXZQOFC291A40Z20C22A6000000/,すすきのはよみがえったのか　客足が示すウィズコロナ,日本屈指の繁華街・すすきの（札幌市）ににぎわいが戻ってきた。地下鉄駅の乗降客数は新型コロナウイルス感染拡大前の3割減まで、…続き
7月4日,20:01,https://www.nikkei.com/article/DGXZQOFC047EC0U2A700C2000000/,北海道電力、電気使用量抑制でポイント還元,北海道電力は4日、8～9月分の電気使用量を前年同月より減らした顧客にポイントを付与すると発表した。1日あたりの平均使用量が…続き
7月4日,18:56,https://www.nikkei.com/article/DGXZQOFC046N90U2A700C2000000/,農作物配送をAIで効率化　NTT東日本と調和技研が実証,NTT東日本は4日、北海道大学発スタートアップの調和技研（札幌市）と組み、人工知能（AI）を活用した農作物の物流最適化プロ…続き
7月4日,18:28,https://www.nikkei.com/article/DGXZQOFC046YP0U2A700C2000000/,北海道内5月有効求人倍率1.12倍　宿泊業が急増,北海道労働局が発表した北海道の5月の有効求人倍率（季節調整値）は1.12倍と、14カ月連続で1倍を超えた。新規求人数は前年…続き
7月4日,18:14,https://www.nikkei.com/article/DGXZQOFC045M20U2A700C2000000/,セコマが再び値上げ、店内調理のおにぎりやPB飲料,コンビニエンスストア「セイコーマート」を展開するセコマ（札幌市）は4日、店内調理する「ホットシェフ」のおにぎりを平均6%、…続き
7月4日,18:00,https://www.nikkei.com/article/DGXZQOFC0468I0U2A700C2000000/,北海道の企業倒産5年ぶり増加　1～6月108件、民間調査,東京商工リサーチ北海道支社は4日、北海道内での企業倒産が1～6月は前年同期比31件増の108件だったと発表した。上半期とし…続き
7月4日,17:55,https://www.nikkei.com/article/DGXZQOFC0467P0U2A700C2000000/,北海道のコロナ新規感染407人　1週間前から増加,北海道は4日、新たに407人の新型コロナウイルス感染を確認したと発表した。前の週の同じ曜日（6月27日、318人）を上回っ…続き
7月4日,17:54,https://www.nikkei.com/article/DGXZQOFC042DZ0U2A700C2000000/,プラ魚箱を買い物かごに　コープさっぽろと道ぎょれん,コープさっぽろ（札幌市）は4日、鮮魚を運ぶ際に使うプラスチック製の魚箱を再利用した買い物かごを発売した。3000個を全10…続き
7月4日,15:01,https://www.nikkei.com/article/DGXZQOFC0119U0R00C22A7000000/,ワンボックスをキャンピング車に、北海道・士別企業参入,建設業や介護事業のイトイグループホールディングス（GHD、北海道士別市）はグループ2社を通じ、ワンボックスカーなどをキャン…続き
7月4日,1:00,https://www.nikkei.com/article/DGXZQOFC290IF0Z20C22A6000000/,ホルスタインが代理母　北海道の酪農家で進む和牛シフト,北海道の酪農家が第2の収益源として和牛の生産に着目している。乳牛として一般的なホルスタイン種の子宮に和牛受精卵を移植し、肉…続き
#
### log/02_aomori.txt
7月4日,19:00,https://www.nikkei.com/article/DGXZQOCC0119N0R00C22A7000000/,5月の東北の有効求人倍率横ばい　3カ月連続,東北6県の労働局が発表した東北の5月の有効求人倍率（季節調整値）は、前月と同水準の1.36倍だった。横ばいは3カ月連続。山…続き
#
### log/03_iwate.txt
7月4日,19:00,https://www.nikkei.com/article/DGXZQOCC0119N0R00C22A7000000/,5月の東北の有効求人倍率横ばい　3カ月連続,東北6県の労働局が発表した東北の5月の有効求人倍率（季節調整値）は、前月と同水準の1.36倍だった。横ばいは3カ月連続。山…続き
#
### log/04_miyagi.txt
7月5日,2:00,https://www.nikkei.com/article/DGXZQOUF151RN0V10C22A6000000/,全国の「愛宕神社」　戦勝願う武将が京都から拡散,大阪に赴任して1年がたつ記者（26）は、街中でいまだに新たな発見に出くわす。新大阪駅の近くで「愛宕（あたご）神社」と書かれ…続き
7月5日,2:00,https://www.nikkei.com/article/DGXZQOUC030KM0T00C22A7000000/,アイリスオーヤマ、大山健太郎会長の「経営者への言葉」,アイリスオーヤマ（仙台市）の大山健太郎会長は自社を「仕組みで動いている会社」と表現する。商品を素早く生み出す仕組みや社員を…続き
7月4日,19:02,https://www.nikkei.com/article/DGXZQOCC021XW0S2A700C2000000/,東北電力、再エネ事業者に発電計画づくり支援,東北電力は太陽光など再生可能エネルギー事業者に、発電計画づくりの代行や発電量予測などを支援する有料のサービスを始めると発表…続き
7月4日,19:02,https://www.nikkei.com/article/DGXZQOCC0458M0U2A700C2000000/,仙台銀行、SBIと個人向けのコンサルプラザ設立,仙台銀行はSBIマネープラザ（東京・港）と共同で個人向けのコンサルティングプラザを開設した。これまでも資産形成などで協力し…続き
7月4日,19:00,https://www.nikkei.com/article/DGXZQOCC0119N0R00C22A7000000/,5月の東北の有効求人倍率横ばい　3カ月連続,東北6県の労働局が発表した東北の5月の有効求人倍率（季節調整値）は、前月と同水準の1.36倍だった。横ばいは3カ月連続。山…続き
7月4日,2:00,https://www.nikkei.com/article/DGXZQOUC262V80W2A620C2000000/,アイリスオーヤマ、大山健太郎会長の「士気向上の言葉」,多くの企業が若手社員の離職防止や組織全体のモチベーション向上を重要な課題としている。アイリスオーヤマ（仙台市）の大山健太郎…続き
#
### log/05_akita.txt
7月5日,2:00,https://www.nikkei.com/article/DGXZQOCC250O60V20C22A6000000/,「ママの目線」で子育て支援　秋田のCHERISH,「ママたちのあったらいいな」を柱に子育てを支援するユニークな企業が秋田市にある。スタッフ23人のうち21人が子育て中の母親…続き
7月4日,19:03,https://www.nikkei.com/article/DGXZQOCC030IG0T00C22A7000000/,秋田銘醸、自社田栽培の酒米で純米酒の新商品,酒造会社の秋田銘醸（秋田県湯沢市）は7日、自社の田んぼで栽培した酒米を原料に仕込んだ純米酒の新商品を発売する。社員が育苗か…続き
7月4日,19:00,https://www.nikkei.com/article/DGXZQOCC0119N0R00C22A7000000/,5月の東北の有効求人倍率横ばい　3カ月連続,東北6県の労働局が発表した東北の5月の有効求人倍率（季節調整値）は、前月と同水準の1.36倍だった。横ばいは3カ月連続。山…続き
#
### log/06_yamagata.txt
7月4日,19:00,https://www.nikkei.com/article/DGXZQOCC0119N0R00C22A7000000/,5月の東北の有効求人倍率横ばい　3カ月連続,東北6県の労働局が発表した東北の5月の有効求人倍率（季節調整値）は、前月と同水準の1.36倍だった。横ばいは3カ月連続。山…続き
7月4日,2:00,https://www.nikkei.com/article/DGXZQOCC060YI0W2A600C2000000/,切削工具の佐々木ダイヤ、木工分野進出　自動車向け減で,ダイヤモンド切削工具の佐々木ダイヤ精研（山形市）は、木製品加工向けなど新たな市場開拓に乗り出す。専用の製造装置を導入した第…続き
#
### log/07_fukushima.txt
7月5日,2:00,https://www.nikkei.com/article/DGXZQOCC291SK0Z20C22A6000000/,福島・西会津町、デジタル化で脱過疎へ　メタバース連携,福島県西会津町がデジタル技術を生かした活性化を加速している。ICT（情報通信技術）教育などに続き、北海道森町を始めとする全…続き
7月4日,19:28,https://www.nikkei.com/article/DGXZQOCC044BU0U2A700C2000000/,スノーピーク、福島や宮崎に直営キャンプ場新設,アウトドア大手のスノーピークは直営のキャンプ場を増やす。2023年春に福島県天栄村で開くほか、24年度には宮崎県都城市でも…続き
7月4日,19:03,https://www.nikkei.com/article/DGXZQOCC042MZ0U2A700C2000000/,JR福島駅前再開発、7月中に解体着工　旧中合ビルなど,JR福島駅前の再開発を手掛ける地権者らの組合は、既存ビルの解体工事を7月中に始める。2023年秋にかけて、約1.4ヘクター…続き
7月4日,19:00,https://www.nikkei.com/article/DGXZQOCC0119N0R00C22A7000000/,5月の東北の有効求人倍率横ばい　3カ月連続,東北6県の労働局が発表した東北の5月の有効求人倍率（季節調整値）は、前月と同水準の1.36倍だった。横ばいは3カ月連続。山…続き
7月4日,5:00,https://www.nikkei.com/article/DGXZQOCC176390X10C22A5000000/,メガソーラー曲がり角　相次ぐ規制条例、撤退事業者も,再生可能エネルギーの代表格だったメガソーラー（大規模太陽光発電所）が曲がり角を迎えている。岡山県美作市は全国初の太陽光パネ…続き
#
### log/08_ibaraki.txt
7月5日,2:00,https://www.nikkei.com/article/DGXZQOUF309MB0Q2A530C2000000/,住宅の悩み、一括相談　大和ハウスが店舗開設,大和ハウス工業が住宅に関するあらゆる相談を受け付ける店舗の開設を始めた。このほど、茨城県のショッピングセンター内に1号店を…続き
7月4日,19:26,https://www.nikkei.com/article/DGXZQOCC0456N0U2A700C2000000/,茨城・常総市、移動しやすい街へ　ホンダ子会社と連携,茨城県常総市は4日、人工知能（AI）や自動運転技術を活用した「知能化マイクロモビリティー」の普及を目指し、ホンダの研究開発…続き
7月4日,2:00,https://www.nikkei.com/article/DGXZQOCC250GB0V20C22A6000000/,栃木の三セク真岡鉄道、SL走らせるのも楽じゃない,道路網整備とマイカー普及や少子化で全国の鉄道、ローカル線が逆風にさらされるなか、観光客獲得の目玉として運行する蒸気機関車（…続き
#
### log/09_tochigi.txt
7月5日,2:00,https://www.nikkei.com/article/DGXZQOCC307X20Q2A530C2000000/,栃木で「アユ釣り離れ」　漁業団体、人気復活に奮闘,栃木県でアユ釣りの人気が低迷している。6月に入り多くの河川でアユ釣りが解禁されたが、釣り人は大半が高齢男性で新規客の参入は…続き
7月4日,19:30,https://www.nikkei.com/article/DGXZQOCC041KY0U2A700C2000000/,宇都宮市で地酒イベント　地元3酒蔵が出店,宇都宮市のイベント会場「オリオンスクエア」で29日、市内の3酒蔵が出店する日本酒イベント「地酒の夕べ～オリスク酒造～」が開…続き
7月4日,19:25,https://www.nikkei.com/article/DGXZQOCC303EP0Q2A630C2000000/,宇都宮市、小売・飲食で使えるプレミアム商品券9月から,宇都宮市は、市内の小売店や飲食店で使えるプレミアム付き商品券「宮のトク×トクチケット」を9月から市内在住者に販売する。1冊…続き
7月4日,2:00,https://www.nikkei.com/article/DGXZQOCC250GB0V20C22A6000000/,栃木の三セク真岡鉄道、SL走らせるのも楽じゃない,道路網整備とマイカー普及や少子化で全国の鉄道、ローカル線が逆風にさらされるなか、観光客獲得の目玉として運行する蒸気機関車（…続き
#
### log/10_gunma.txt
7月4日,19:24,https://www.nikkei.com/article/DGXZQOCC021L70S2A700C2000000/,日本公庫など、群馬・長野原のバイオガス発電に協調融資,日本政策金融公庫前橋支店は群馬銀行と共同で、群馬県長野原町の酪農家が設立した協同組合によるバイオガス発電事業に対して協調融…続き
7月4日,19:23,https://www.nikkei.com/article/DGXZQOCC045XI0U2A700C2000000/,東和銀行、75歳以上の引き出し限度額引き下げ,東和銀行は75歳以上の高齢者を対象に、自行以外のATMでのキャッシュカードによる1日あたりの引き出し限度額を引き下げる。限…続き
#
### log/11_saitama.txt
7月4日,19:06,https://www.nikkei.com/article/DGXZQOCC046HW0U2A700C2000000/,ウクライナ人音楽家、埼玉で支援公演　売上金など寄付,ウクライナ出身の世界的バイオリニスト、オレグ・クリサ氏は4日、埼玉県の大野元裕知事と県庁で面会し、彩の国さいたま芸術劇場（…続き
7月4日,2:00,https://www.nikkei.com/article/DGXZQOCC250GB0V20C22A6000000/,栃木の三セク真岡鉄道、SL走らせるのも楽じゃない,道路網整備とマイカー普及や少子化で全国の鉄道、ローカル線が逆風にさらされるなか、観光客獲得の目玉として運行する蒸気機関車（…続き
7月4日,2:00,https://www.nikkei.com/article/DGXZQOCC036XF0T00C22A6000000/,食育担う栄養教諭、首都圏で徐々に浸透　担い手不足課題,地産地消の推進や食品ロスの削減など食を巡る課題が多様化し、学校で食育を担う「栄養教諭」の重要性が高まっている。国も配置の促…続き
#
### log/12_chiba.txt
7月4日,19:05,https://www.nikkei.com/article/DGXZQOCC01C0M0R00C22A7000000/,千葉県、一部で病床確保フェーズ上げ　感染者じわり増加,千葉県は4日、新型コロナウイルスの感染状況に応じた病床確保のフェーズを東葛南部・東葛北部・印旛圏域で引き上げた。東京都に近…続き
7月4日,18:47更新,https://www.nikkei.com/article/DGXZQOCC043BM0U2A700C2000000/,新潟・千葉の火力発電で火災　電力供給のリスク浮き彫り,各地の火力発電所でトラブルが続いている。3日にかけて千葉県と新潟県の火力発電所でそれぞれ火災が発生し、東北電力などが出力を…続き
7月4日,2:00,https://www.nikkei.com/article/DGXZQOCC036XF0T00C22A6000000/,食育担う栄養教諭、首都圏で徐々に浸透　担い手不足課題,地産地消の推進や食品ロスの削減など食を巡る課題が多様化し、学校で食育を担う「栄養教諭」の重要性が高まっている。国も配置の促…続き
#
### log/13_tokyo.txt
7月5日,2:00,https://www.nikkei.com/article/DGXZQOUF151RN0V10C22A6000000/,全国の「愛宕神社」　戦勝願う武将が京都から拡散,大阪に赴任して1年がたつ記者（26）は、街中でいまだに新たな発見に出くわす。新大阪駅の近くで「愛宕（あたご）神社」と書かれ…続き
7月5日,2:00,https://www.nikkei.com/article/DGXZQOCC166ZC0W2A610C2000000/,職人の災害復旧スキル支えたい　NGO代表の鈴木さん,地震や豪雨被害の現場に駆けつける災害ボランティア。近年、この分野で「プロボノ」と呼ばれる復興の技術系スタッフが増えつつある…続き
7月5日,2:00,https://www.nikkei.com/article/DGXZQOCC1547E0V10C22A6000000/,吉祥寺人気に陰り？　住みたい街、20・30代は横浜・大宮,リクルートの「住みたい街」ランキングで、毎年人気上位となる吉祥寺（東京都武蔵野市）。新型コロナウイルス下の郊外人気を受け、…続き
7月4日,17:25,https://www.nikkei.com/article/DGXZQOCC0429X0U2A700C2000000/,東京・大田区、東邦大学とウクライナ避難民支援で連携,東京都大田区は区内に医学部と看護学部がある東邦大学と連携し、ウクライナからの避難民に対する健康面でのサポートを強化した。母…続き
7月4日,17:03,https://www.nikkei.com/article/DGXZQOCC046420U2A700C2000000/,東京都、自宅療養者120人と連絡付かず　KDDI障害発生後,東京都は4日、KDDIの通信障害が発生した2～3日の両日とも、自宅療養中の新型コロナウイルス感染者およそ120人と連絡が取…続き
7月4日,16:59,https://www.nikkei.com/article/DGXZQOCC0412A0U2A700C2000000/,東京都、新たに2772人感染　7日平均で前週の162.4%,東京都は4日、新型コロナウイルスの感染者が新たに2772人確認されたと発表した。直近1週間平均の新規感染者は3380人で、…続き
7月4日,15:22,https://www.nikkei.com/article/DGXZQOCC043D50U2A700C2000000/,東京都、米粉パンの普及支援　輸入小麦の価格高騰で,東京都はウクライナ情勢などの影響で輸入小麦の価格高騰が進んでいることを踏まえ、小麦粉の代替となる米粉を使ったパンの普及を促…続き
7月4日,2:00,https://www.nikkei.com/article/DGXZQOCC036XF0T00C22A6000000/,食育担う栄養教諭、首都圏で徐々に浸透　担い手不足課題,地産地消の推進や食品ロスの削減など食を巡る課題が多様化し、学校で食育を担う「栄養教諭」の重要性が高まっている。国も配置の促…続き
#
### log/14_kanagawa.txt
7月4日,19:25,https://www.nikkei.com/article/DGXZQOCC047450U2A700C2000000/,横浜･みなとみらいの祭り3年ぶり開催　2万発の花火など,横浜市最大級の約2万発の花火が打ち上げられる、みなとみらい（MM）21地区の祭り「みなとみらいスマートフェスティバル」が8…続き
7月4日,15:21,https://www.nikkei.com/article/DGXZQOCC042I10U2A700C2000000/,川崎ブレイブサンダース、バスケなどの施設開設,バスケットボール男子B1の川崎ブレイブサンダースは川崎市内2カ所に若者文化の発信拠点を開設する。8月末にバスケットボール、…続き
7月4日,2:00,https://www.nikkei.com/article/DGXZQOUF27BBA0X20C22A6000000/,役員賞与に社員の働きがい反映　パナソニックHD系,パナソニックホールディングス（HD）の自動車部品を手掛ける子会社、パナソニックオートモーティブシステムズ（PAS）は従業員…続き
7月4日,2:00,https://www.nikkei.com/article/DGXZQOCC036XF0T00C22A6000000/,食育担う栄養教諭、首都圏で徐々に浸透　担い手不足課題,地産地消の推進や食品ロスの削減など食を巡る課題が多様化し、学校で食育を担う「栄養教諭」の重要性が高まっている。国も配置の促…続き
#
### log/15_niigata.txt
7月5日,2:00,https://www.nikkei.com/article/DGXZQOCC019MK0R00C22A7000000/,一正蒲鉾、マイタケ技術磨く　付加価値高め市場開拓,水産練り製品大手の一正蒲鉾がマイタケの新品種開発に力を入れている。市場が横ばいで推移するなか、付加価値のあるマイタケを開発…続き
7月4日,19:29,https://www.nikkei.com/article/DGXZQOCC296PJ0Z20C22A6000000/,新潟のタカヨシ、石灰石原料のラベル　環境に配慮,総合印刷業のタカヨシ(新潟市)は石灰石を主原料とする素材を使用したラベル製品を8月中旬に発売する。焼却時の二酸化炭素（CO…続き
7月4日,19:28,https://www.nikkei.com/article/DGXZQOCC044BU0U2A700C2000000/,スノーピーク、福島や宮崎に直営キャンプ場新設,アウトドア大手のスノーピークは直営のキャンプ場を増やす。2023年春に福島県天栄村で開くほか、24年度には宮崎県都城市でも…続き
7月4日,19:09,https://www.nikkei.com/article/DGXZQOCC047920U2A700C2000000/,アークランドサカモト、連結純利益39億円　3～5月,アークランドサカモトが4日発表した2022年3～5月期の連結決算は純利益が39億円だった。売上高は794億円、営業利益は5…続き
7月4日,18:47更新,https://www.nikkei.com/article/DGXZQOCC043BM0U2A700C2000000/,新潟・千葉の火力発電で火災　電力供給のリスク浮き彫り,各地の火力発電所でトラブルが続いている。3日にかけて千葉県と新潟県の火力発電所でそれぞれ火災が発生し、東北電力などが出力を…続き
7月4日,15:22,https://www.nikkei.com/article/DGXZQOCC043D50U2A700C2000000/,東京都、米粉パンの普及支援　輸入小麦の価格高騰で,東京都はウクライナ情勢などの影響で輸入小麦の価格高騰が進んでいることを踏まえ、小麦粉の代替となる米粉を使ったパンの普及を促…続き
7月4日,12:22,https://www.nikkei.com/article/DGXZQOCC042CB0U2A700C2000000/,東北電力の東新潟火力発電所で火災　出力6割強に制限,東北電力は4日、東新潟火力発電所3-2号系列（新潟県聖籠町、出力60.5万キロワット）の3基のガスタービンのうち1基で3日…続き
7月4日,2:00,https://www.nikkei.com/article/DGXZQOCC29EGN0Z20C22A6000000/,遠藤製作所、DXで生産改革　データ蓄積で稼働率向上,金属加工などを手掛ける遠藤製作所はDX（デジタルトランスフォーメーション）による生産改革を進める。OA機器部品などを生産す…続き
#
### log/16_toyama.txt
7月4日,20:15,https://www.nikkei.com/article/DGXZQOCC0473N0U2A700C2000000/,買い物時の鉄道利用促進　JR西日本系、富山でクーポン,JR西日本子会社の富山ターミナルビル（富山市）は8日、同社の商業施設に鉄道で来店した買い物客に、クーポン券を提供する実証実…続き
7月4日,20:00,https://www.nikkei.com/article/DGXZQOCC0477D0U2A700C2000000/,クスリのアオキHDの23年5月期、純利益10%増,クスリのアオキホールディングス（HD）は4日、2023年5月期の連結純利益が前期比10%増の108億円になりそうだと発表し…続き
7月4日,19:55,https://www.nikkei.com/article/DGXZQOCC0471Y0U2A700C2000000/,福井の並行在来線、「ハピラインふくい」に社名変更,2024年春の北陸新幹線敦賀延伸に伴い、並行在来線の福井県内区間の運行を担う第三セクターが4日付で「ハピラインふくい」に社…続き
7月4日,4:00,https://www.nikkei.com/article/DGXZQOCC108G90Q2A610C2000000/,アルビス、利益率より成長戦略　小型店展開へ布石,北陸最大のスーパー、アルビスが新型コロナウイルス禍を経て成長の基盤づくりを急いでいる。巣ごもり需要の効果で売上高は増えたが…続き
#
### log/17_ishikawa.txt
7月4日,20:00,https://www.nikkei.com/article/DGXZQOCC309DY0Q2A630C2000000/,自宅で人工透析、静かな音で　東振テクニカルがポンプ,工作機械メーカーの東振テクニカル（石川県小松市）は従来より稼働音を抑えたポンプを開発した。騒音値は50デシベルを下回り、「…続き
7月4日,20:00,https://www.nikkei.com/article/DGXZQOCC0477D0U2A700C2000000/,クスリのアオキHDの23年5月期、純利益10%増,クスリのアオキホールディングス（HD）は4日、2023年5月期の連結純利益が前期比10%増の108億円になりそうだと発表し…続き
7月4日,19:55,https://www.nikkei.com/article/DGXZQOCC0471Y0U2A700C2000000/,福井の並行在来線、「ハピラインふくい」に社名変更,2024年春の北陸新幹線敦賀延伸に伴い、並行在来線の福井県内区間の運行を担う第三セクターが4日付で「ハピラインふくい」に社…続き
7月4日,4:00,https://www.nikkei.com/article/DGXZQOCC108G90Q2A610C2000000/,アルビス、利益率より成長戦略　小型店展開へ布石,北陸最大のスーパー、アルビスが新型コロナウイルス禍を経て成長の基盤づくりを急いでいる。巣ごもり需要の効果で売上高は増えたが…続き
#
### log/18_fukui.txt
7月4日,20:00,https://www.nikkei.com/article/DGXZQOCC0477D0U2A700C2000000/,クスリのアオキHDの23年5月期、純利益10%増,クスリのアオキホールディングス（HD）は4日、2023年5月期の連結純利益が前期比10%増の108億円になりそうだと発表し…続き
7月4日,19:55,https://www.nikkei.com/article/DGXZQOCC0471Y0U2A700C2000000/,福井の並行在来線、「ハピラインふくい」に社名変更,2024年春の北陸新幹線敦賀延伸に伴い、並行在来線の福井県内区間の運行を担う第三セクターが4日付で「ハピラインふくい」に社…続き
7月4日,4:00,https://www.nikkei.com/article/DGXZQOCC108G90Q2A610C2000000/,アルビス、利益率より成長戦略　小型店展開へ布石,北陸最大のスーパー、アルビスが新型コロナウイルス禍を経て成長の基盤づくりを急いでいる。巣ごもり需要の効果で売上高は増えたが…続き
#
### log/19_yamanashi.txt
7月4日,17:11,https://www.nikkei.com/article/DGXZQOCC044X90U2A700C2000000/,コストコ、山梨県南アルプス市に出店　24年開業,会員制量販店コストコを運営するコストコホールセールジャパン（川崎市）は山梨県南アルプス市に2024年にも出店する。山梨県内…続き
#
### log/20_nagano.txt
7月5日,2:00,https://www.nikkei.com/article/DGXZQOCC019SE0R00C22A7000000/,食品卸マルイチ産商の柏木新社長「総合力生かし成長」,長野の食品卸、マルイチ産商の社長に、筆頭株主の三菱商事出身の柏木康全氏が6月に就任した。ウクライナ情勢によるモノや燃料の価…続き
7月4日,19:30,https://www.nikkei.com/article/DGXZQOCC033VW0T00C22A7000000/,しなの鉄道、貨客混載であんず輸送　鉄道＋バス,しなの鉄道（長野県上田市）とバス会社の東急トランセ（東京・目黒）は4日、乗客が利用する車両を使った貨客混載輸送の実証実験を…続き
#
### log/21_gifu.txt
7月4日,20:00,https://www.nikkei.com/article/DGXZQOFD013TN0R00C22A7000000/,愛知5月求人倍率、6カ月連続上昇　「物価高の影響注視」,愛知労働局が1日発表した5月の有効求人倍率（季節調整値）は1.37倍と前月に比べ0.01ポイント上昇した。上昇は6カ月連続…続き
7月4日,15:00,https://www.nikkei.com/article/DGXZQOFD042UN0U2A700C2000000/,岐阜・飛驒市、ふるさと納税　返礼品に「グリーン電気」,岐阜県飛驒市は4日、関西電力と組んでふるさと納税の返礼品として、市内の水力発電所で起こした「グリーン電気」を提供すると発表…続き
7月4日,12:00,https://www.nikkei.com/article/DGXZQOFD15CA00V10C22A6000000/,中部で3年ぶり花火大会　感染対策を工夫、資金に不安も,新型コロナウイルス禍で中止が相次いだ夏の花火大会が、2022年は中部3県でも相次いで再開する。打ち上げ場所や観覧席の並びを…続き
#
### log/22_shizuoka.txt
7月4日,19:21,https://www.nikkei.com/article/DGXZQOCC309660Q2A630C2000000/,静岡のクラフトビール醸造所がホテル、全客室で飲み放題,クラフトビールのウエスト・コースト・ブルーイング（静岡市、WCB）は、静岡市の用宗漁港前にある醸造所付近に宿泊施設を開いた…続き
7月4日,19:20,https://www.nikkei.com/article/DGXZQOCC047TZ0U2A700C2000000/,静岡県内のコロナ感染、新たに175人  4日,静岡県は4日、新型コロナウイルスの1日あたり新規感染者が県内全体で175人だったと発表…続き
7月4日,19:19,https://www.nikkei.com/article/DGXZQOCC041D30U2A700C2000000/,静岡市、省エネ家電への補助金　燃料価格高騰受け,静岡市は同市内の家電量販店などで省エネ家電の新品を購入した市内在住者や事業者に対し、最大3万円の補助金を交付する。燃料価格…続き
7月4日,19:18,https://www.nikkei.com/article/DGXZQOCC01BQL0R00C22A7000000/,ジヤトコ蓄電池活用、ヤマハは看板消灯　静岡企業も節電,7年ぶりとなる政府の節電要請が7月1日から始まり、静岡県内の企業が対応に追われている。要請を先取りするような梅雨明け直後の…続き
7月4日,11:30,https://www.nikkei.com/article/DGXZQOUE2330X0T20C22A6000000/,避難所カフェ、地域再生の拠点に　熱海土石流1年,静岡県熱海市の土石流災害で避難所となった集会所に4月、全国からの寄付でカフェが誕生した。被災区域の一部は今も原則立ち入りが…続き
7月4日,0:05更新,https://www.nikkei.com/article/DGXZQOUE16BAP0W2A610C2000000/,熱海土石流1年、戻らぬ娘　「帰ってくる」思い続け,あの日、激しい地鳴りとともにどす黒い濁流が家々をのみ込んだ。2021年7月、静岡県熱海市で起きた大規模土石流。死者・行方不…続き
#
### log/23_aichi.txt
7月4日,20:05,https://www.nikkei.com/article/DGXZQOFD242XP0U2A620C2000000/,コロナ感染再び増加　愛知県、第6波後　病院・検査所増,中部の新型コロナウイルスの感染者が再び増加に転じている。愛知県では新たな感染者数は4日まで14日連続で前週の同じ曜日を上回…続き
7月4日,20:00,https://www.nikkei.com/article/DGXZQOFD013TN0R00C22A7000000/,愛知5月求人倍率、6カ月連続上昇　「物価高の影響注視」,愛知労働局が1日発表した5月の有効求人倍率（季節調整値）は1.37倍と前月に比べ0.01ポイント上昇した。上昇は6カ月連続…続き
7月4日,19:17,https://www.nikkei.com/article/DGXZQOFD22CA60S2A620C2000000/,愛知県の新興拠点「ソフトバンク流」7人のメンター,2022年春、ソフトバンクが愛知県のスタートアップ育成拠点「プレ・ステーションAi」の運営を始めた。名古屋駅近くのシェアオ…続き
7月4日,12:00,https://www.nikkei.com/article/DGXZQOFD15CA00V10C22A6000000/,中部で3年ぶり花火大会　感染対策を工夫、資金に不安も,新型コロナウイルス禍で中止が相次いだ夏の花火大会が、2022年は中部3県でも相次いで再開する。打ち上げ場所や観覧席の並びを…続き
#
### log/24_mie.txt
7月4日,20:00,https://www.nikkei.com/article/DGXZQOFD013TN0R00C22A7000000/,愛知5月求人倍率、6カ月連続上昇　「物価高の影響注視」,愛知労働局が1日発表した5月の有効求人倍率（季節調整値）は1.37倍と前月に比べ0.01ポイント上昇した。上昇は6カ月連続…続き
7月4日,19:53,https://www.nikkei.com/article/DGXZQOFD0411C0U2A700C2000000/,遠隔ロボで市役所の窓口業務　三重・桑名で実証実験,三重県桑名市は4日、市役所庁舎などに遠隔操作ロボットを置いて職員が市民に応対する実証実験を始めると発表した。広告やロボット…続き
7月4日,12:00,https://www.nikkei.com/article/DGXZQOFD15CA00V10C22A6000000/,中部で3年ぶり花火大会　感染対策を工夫、資金に不安も,新型コロナウイルス禍で中止が相次いだ夏の花火大会が、2022年は中部3県でも相次いで再開する。打ち上げ場所や観覧席の並びを…続き
#
### log/25_shiga.txt
7月4日,16:31更新,https://www.nikkei.com/article/DGXZQODH045IQ0U2A700C2000000/,浅田真央さん、新アイスショー発表　9月滋賀から17都市,フィギュアスケートの2010年バンクーバー五輪銀メダリスト、浅田真央さんが4日、東京都内で記者会見し、新しいアイスショー「…続き
#
### log/26_kyoto.txt
7月5日,2:00,https://www.nikkei.com/article/DGXZQOUF151RN0V10C22A6000000/,全国の「愛宕神社」　戦勝願う武将が京都から拡散,大阪に赴任して1年がたつ記者（26）は、街中でいまだに新たな発見に出くわす。新大阪駅の近くで「愛宕（あたご）神社」と書かれ…続き
7月4日,19:25,https://www.nikkei.com/article/DGXZQOUF046BO0U2A700C2000000/,日本電産の新拠点「ニデックパーク」に　新棟も竣工,日本電産は4日、京都府向日市に開発中の新拠点の名称を「ニデックパーク」にすると発表した。事業規模の拡大に伴い、約2000億…続き
7月4日,2:01,https://www.nikkei.com/article/DGXZQOUF077J70X00C22A6000000/,緻密な木組み、曲面の美　村山木工の組子細工,サクラの花びらを表す精緻な幾何学模様が、高さ60センチ、直径26センチの円柱状の木製ランプシェードを形づくる。用いるのは、…続き
#
### log/27_osaka.txt
7月5日,5:00,https://www.nikkei.com/article/DGXZQOUF214AR0R20C22A6000000/,不二製油G、大豆ミートに新製法　素材シェア国内5割,不二製油グループ本社は8月にも新製法で改良した大豆ミート（植物肉）を本格販売する。植物性油脂の加工技術を活用し、肉の食感に…続き
7月5日,2:00,https://www.nikkei.com/article/DGXZQOUF309MB0Q2A530C2000000/,住宅の悩み、一括相談　大和ハウスが店舗開設,大和ハウス工業が住宅に関するあらゆる相談を受け付ける店舗の開設を始めた。このほど、茨城県のショッピングセンター内に1号店を…続き
7月5日,2:00,https://www.nikkei.com/article/DGXZQOUF22BCC0S2A620C2000000/,「値上げとベアはセットで」鳥貴族HD大倉社長に聞く,鳥貴族ホールディングス（HD）は、4月下旬に居酒屋「鳥貴族」の全品均一価格の値上げ実施した後、8月からグループ会社すべての…続き
7月5日,2:00,https://www.nikkei.com/article/DGXZQOUF151RN0V10C22A6000000/,全国の「愛宕神社」　戦勝願う武将が京都から拡散,大阪に赴任して1年がたつ記者（26）は、街中でいまだに新たな発見に出くわす。新大阪駅の近くで「愛宕（あたご）神社」と書かれ…続き
7月4日,17:57更新,https://www.nikkei.com/article/DGXZQOUF0479V0U2A700C2000000/,大阪府、4日の新規感染1150人　新型コロナ,大阪府は4日、新型コロナウイルスの新たな感染者を1150人確認したと発表した。感染者数は前週同曜日（585人）と比べ、56…続き
7月4日,4:00,https://www.nikkei.com/article/DGXZQOUF238MU0T20C22A6000000/,シャープ、液晶工場400億円買収の謎　見えぬ鴻海の真意,シャープの先行きに不透明感が増している。株価は年初から2割低く、証券アナリストの業績予想も会社発表を下回る。主因は6月27…続き
#
### log/28_hyogo.txt
7月4日,19:57更新,https://www.nikkei.com/article/DGXZQOUF308X40Q2A630C2000000/,神戸商工会議所、川崎新会頭人事発表　再び神戸製鋼出身,神戸商工会議所は4日、10月で任期満了となる家次恒会頭（72、シスメックス会長兼社長）の後任に神戸製鋼所の前会長兼社長で特…続き
7月4日,18:40,https://www.nikkei.com/article/DGXZQOUF042TI0U2A700C2000000/,尼崎USB紛失　調査委員会が初会合、半年後めどに報告書,兵庫県尼崎市の全市民約46万人の個人情報が入ったUSBメモリーが一時紛失した問題で、市が設置した調査委員会の初会合が4日、…続き
7月4日,5:00,https://www.nikkei.com/article/DGXZQOUF309OX0Q2A630C2000000/,兵庫県施設で太陽光、警察・病院の駐車場にもパネル設置,兵庫県は県施設などへの太陽光発電設備の導入を進める。発電事業者の負担で太陽光パネルを設置し、電力を施設に販売する「PPA（…続き
#
### log/29_nara.txt
#
### log/30_wakayama.txt
#
### log/31_tottori.txt
#
### log/32_shimane.txt
#
### log/33_okayama.txt
7月5日,4:00,https://www.nikkei.com/article/DGXZQOCC13AH20T10C22A6000000/,西日本豪雨4年　岡山の金融機関、コロナ対応に生かす,平成最悪の水害となった2018年の西日本豪雨から6日で4年となる。小田川の堤防が決壊するなどして地区の約3割が水没し、最も…続き
7月4日,19:35,https://www.nikkei.com/article/DGXZQOCC042D30U2A700C2000000/,バレーボールの岡山シーガルズ、岡山県・ジェトロが協定,岡山県、バレーボールVリーグ女子1部の岡山シーガルズ、日本貿易振興機構（ジェトロ）岡山の3者は4日、タイとの交流促進に向け…続き
7月4日,19:34,https://www.nikkei.com/article/DGXZQOCC309KQ0Q2A630C2000000/,岡山県奈義町、民間と共同で宅地整備検討,高い出生率で知られる岡山県北東部の奈義町は町への人口流入を促すため民間企業と共同での宅地整備を検討する。町中心部に新たに約…続き
7月4日,5:00,https://www.nikkei.com/article/DGXZQOCC176390X10C22A5000000/,メガソーラー曲がり角　相次ぐ規制条例、撤退事業者も,再生可能エネルギーの代表格だったメガソーラー（大規模太陽光発電所）が曲がり角を迎えている。岡山県美作市は全国初の太陽光パネ…続き
7月4日,4:00,https://www.nikkei.com/article/DGXZQOCC295J60Z20C22A6000000/,天満屋閉店、そごう縮小　広島の百貨店に「冬の時代」,広島県内で百貨店の閉店が相次いでいる。天満屋広島緑井店（広島市）が6月30日、1997年の開業以来25年間の営業を終えた。…続き
#
### log/34_hiroshima.txt
7月4日,19:36,https://www.nikkei.com/article/DGXZQOCC017PU0R00C22A7000000/,イズミ、ゆめタウン竹原を閉店　11月下旬に,西日本で総合スーパー（GMS）を運営するイズミは、小型店「ゆめタウン竹原」（広島県竹原市）を11月下旬に閉店する。建物が現…続き
7月4日,19:33,https://www.nikkei.com/article/DGXZQOCC047MW0U2A700C2000000/,広島銀行と中国電力、脱炭素セミナー共催,ひろぎんホールディングス（HD）傘下の広島銀行と中国電力は4日、顧客らを対象に広島市内で脱炭素に関するセミナーを共同で初開…続き
7月4日,4:00,https://www.nikkei.com/article/DGXZQOCC295J60Z20C22A6000000/,天満屋閉店、そごう縮小　広島の百貨店に「冬の時代」,広島県内で百貨店の閉店が相次いでいる。天満屋広島緑井店（広島市）が6月30日、1997年の開業以来25年間の営業を終えた。…続き
#
### log/35_yamaguchi.txt
7月4日,15:15,https://www.nikkei.com/article/DGXZQOUF043QS0U2A700C2000000/,勾留取り消し求め準抗告　山口の誤給付、逮捕の男,山口県阿武町の誤給付金4630万円を巡り、電子計算機使用詐欺容疑で住民の無職、田口翔容疑者（24）が逮捕された事件で、弁護…続き
#
### log/36_tokushima.txt
7月4日,19:45,https://www.nikkei.com/article/DGXZQOCC045M90U2A700C2000000/,徳島県と阿波銀行、金融教育で連携協定,徳島県と阿波銀行は4日、金融経済教育に関する連携協定を結んだ。阿波銀は業務提携先の野村証券と組み、県内の学校に出向いて、お…続き
#
### log/37_kagawa.txt
7月4日,19:44,https://www.nikkei.com/article/DGXZQOCC045LC0U2A700C2000000/,高松市が渇水対策本部会議　取水制限の強化で,高松市は4日、渇水対策本部会議を開催した。吉野川水系から香川用水への水の供給量が50%削減される第3次取水制限に伴う対応。…続き
7月4日,19:43,https://www.nikkei.com/article/DGXZQOCC2960X0Z20C22A6000000/,屋島の新観光拠点、8月5日オープン　高松市,高松市は屋島山上に整備している観光拠点施設「やしまーる」を8月5日に開業する。市の特産品である庵治（あじ）石で製作された瓦…続き
7月4日,19:42,https://www.nikkei.com/article/DGXZQOCC291YP0Z20C22A6000000/,観音寺信用金庫、取引先のCO2排出量算定,観音寺信用金庫(香川県観音寺市)は、取引先の二酸化炭素（CO2）排出量を算定するサービスの提供を始めた。排出量算出のクラウ…続き
7月4日,19:42,https://www.nikkei.com/article/DGXZQOCC042IF0U2A700C2000000/,JR四国、主要3駅にスマホ充電サービス導入,JR四国は5日、主要3駅にスマートフォン充電サービスを導入する。スマホを充電するバッテリーをその場で借りられるサービスで、…続き
#
### log/38_ehime.txt
7月4日,4:00,https://www.nikkei.com/article/DGXZQOCC02E900S2A600C2000000/,愛媛のクリエ、ライブコマースで生産者をスターに,スマートフォン1台で愛媛の魅力を世界へ――。クリエ（松山市）は愛媛県内の1次産業の現場に赴き、生配信して商品を売り込む「ラ…続き
#
### log/39_kochi.txt
7月4日,19:45,https://www.nikkei.com/article/DGXZQOCC29AFY0Z20C22A6000000/,カツオの町でSDGsの動き広がる　高知県中土佐町久礼,カツオの一本釣り漁が400年以上続く高知県中土佐町久礼で、SDGs（持続可能な開発目標）の動きが広がっている。生食に向かな…続き
#
### log/40_fukuoka.txt
7月5日,5:00,https://www.nikkei.com/article/DGXZQOJC276300X20C22A6000000/,九州の地銀、成長分野に人員集中　業務改革でITや営業へ,九州の地銀が店舗や業務の効率化で人員を捻出し、IT（情報技術）や法人営業など収益を生む成長分野への再配置を加速している。西…続き
7月5日,2:00,https://www.nikkei.com/article/DGXZQOUF151RN0V10C22A6000000/,全国の「愛宕神社」　戦勝願う武将が京都から拡散,大阪に赴任して1年がたつ記者（26）は、街中でいまだに新たな発見に出くわす。新大阪駅の近くで「愛宕（あたご）神社」と書かれ…続き
7月4日,16:58,https://www.nikkei.com/article/DGXZQOJC010PO0R00C22A7000000/,西九州新幹線　長崎県が大阪・博多で大規模PR,長崎県は9月23日の西九州新幹線（武雄温泉ー長崎間）の開業に合わせ、8月から県外での大規模プロモーションを展開する。JR大…続き
7月4日,5:00,https://www.nikkei.com/article/DGXZQOJC219AB0R20C22A6000000/,九州の魅力向上、店・宿ランク付けも　観光機構の唐池氏,九州観光機構（福岡市）は観光客の満足度を高めるため、飲食店や宿泊施設のランク付け制度などの導入を検討する。新型コロナウイル…続き
#
### log/41_saga.txt
7月5日,5:00,https://www.nikkei.com/article/DGXZQOJC276300X20C22A6000000/,九州の地銀、成長分野に人員集中　業務改革でITや営業へ,九州の地銀が店舗や業務の効率化で人員を捻出し、IT（情報技術）や法人営業など収益を生む成長分野への再配置を加速している。西…続き
7月4日,17:07,https://www.nikkei.com/article/DGXZQOJC030KA0T00C22A7000000/,西九州新幹線の試乗会開催　JR九州、9月に2日間,JR九州は9月23日に開業する西九州新幹線（武雄温泉―長崎間）の試乗会を9月18～19日に開催する。肥前山口駅（佐賀県江北…続き
7月4日,5:00,https://www.nikkei.com/article/DGXZQOJC219AB0R20C22A6000000/,九州の魅力向上、店・宿ランク付けも　観光機構の唐池氏,九州観光機構（福岡市）は観光客の満足度を高めるため、飲食店や宿泊施設のランク付け制度などの導入を検討する。新型コロナウイル…続き
#
### log/42_nagasaki.txt
7月4日,17:07,https://www.nikkei.com/article/DGXZQOJC030KA0T00C22A7000000/,西九州新幹線の試乗会開催　JR九州、9月に2日間,JR九州は9月23日に開業する西九州新幹線（武雄温泉―長崎間）の試乗会を9月18～19日に開催する。肥前山口駅（佐賀県江北…続き
7月4日,16:58,https://www.nikkei.com/article/DGXZQOJC010PO0R00C22A7000000/,西九州新幹線　長崎県が大阪・博多で大規模PR,長崎県は9月23日の西九州新幹線（武雄温泉ー長崎間）の開業に合わせ、8月から県外での大規模プロモーションを展開する。JR大…続き
7月4日,5:00,https://www.nikkei.com/article/DGXZQOJC219AB0R20C22A6000000/,九州の魅力向上、店・宿ランク付けも　観光機構の唐池氏,九州観光機構（福岡市）は観光客の満足度を高めるため、飲食店や宿泊施設のランク付け制度などの導入を検討する。新型コロナウイル…続き
#
### log/43_kumamoto.txt
7月4日,17:29,https://www.nikkei.com/article/DGXZQOJC045580U2A700C2000000/,サントリー　九州工場20年で記念ラベル缶,サントリーは5日、「ザ・プレミアム・モルツ22年九州デザイン缶（阿蘇の天然水仕込　阿蘇デザインラベル）」を九州エリアで発売…続き
7月4日,5:00,https://www.nikkei.com/article/DGXZQOJC219AB0R20C22A6000000/,九州の魅力向上、店・宿ランク付けも　観光機構の唐池氏,九州観光機構（福岡市）は観光客の満足度を高めるため、飲食店や宿泊施設のランク付け制度などの導入を検討する。新型コロナウイル…続き
#
### log/44_oita.txt
7月5日,5:00,https://www.nikkei.com/article/DGXZQOJC276300X20C22A6000000/,九州の地銀、成長分野に人員集中　業務改革でITや営業へ,九州の地銀が店舗や業務の効率化で人員を捻出し、IT（情報技術）や法人営業など収益を生む成長分野への再配置を加速している。西…続き
7月4日,15:10,https://www.nikkei.com/article/DGXZQOJC287BV0Y2A620C2000000/,家畜の臭気対策で連携　大分県とアース製薬,大分県とアース製薬は、地域社会の活性化と県民サービスの向上を目的に包括連携協定を結んだ。家畜の臭気対策を通じた畜産業の発展…続き
7月4日,5:00,https://www.nikkei.com/article/DGXZQOJC219AB0R20C22A6000000/,九州の魅力向上、店・宿ランク付けも　観光機構の唐池氏,九州観光機構（福岡市）は観光客の満足度を高めるため、飲食店や宿泊施設のランク付け制度などの導入を検討する。新型コロナウイル…続き
#
### log/45_miyazaki.txt
7月4日,19:28,https://www.nikkei.com/article/DGXZQOCC044BU0U2A700C2000000/,スノーピーク、福島や宮崎に直営キャンプ場新設,アウトドア大手のスノーピークは直営のキャンプ場を増やす。2023年春に福島県天栄村で開くほか、24年度には宮崎県都城市でも…続き
7月4日,5:00,https://www.nikkei.com/article/DGXZQOJC219AB0R20C22A6000000/,九州の魅力向上、店・宿ランク付けも　観光機構の唐池氏,九州観光機構（福岡市）は観光客の満足度を高めるため、飲食店や宿泊施設のランク付け制度などの導入を検討する。新型コロナウイル…続き
#
### log/46_kagoshima.txt
7月4日,5:00,https://www.nikkei.com/article/DGXZQOJC219AB0R20C22A6000000/,九州の魅力向上、店・宿ランク付けも　観光機構の唐池氏,九州観光機構（福岡市）は観光客の満足度を高めるため、飲食店や宿泊施設のランク付け制度などの導入を検討する。新型コロナウイル…続き
#
### log/47_okinawa.txt
7月4日,2:00,https://www.nikkei.com/article/DGXZQOUC23CEB0T20C22A6000000/,アスター、「塗る耐震」で世界へ　東大と補強塗料を開発,日本発の技術で世界の建物を地震から守る。耐震材料開発のスタートアップ、Aster（アスター、東京・中央）がそんな挑戦に取り…続き
